<?xml version="1.0" encoding="UTF-8"?>
 <beans xmlns="http://www.springframework.org/schema/beans"
	xmlns:xsi="http://www.w3.org/2001/XMLSchema-instance" 
	xmlns:context="http://www.springframework.org/schema/context"
    xmlns:tx="http://www.springframework.org/schema/tx"
	xmlns:mvc="http://www.springframework.org/schema/mvc"
	xsi:schemaLocation="
		http://www.springframework.org/schema/beans
		http://www.springframework.org/schema/beans/spring-beans.xsd
		http://www.springframework.org/schema/context
		http://www.springframework.org/schema/context/spring-context.xsd
		http://www.springframework.org/schema/mvc
		http://www.springframework.org/schema/mvc/spring-mvc.xsd
		http://www.springframework.org/schema/tx 
		http://www.springframework.org/schema/tx/spring-tx.xsd"> 
 
 <context:component-scan base-package="com.demo.entities" />
 <context:property-placeholder location="classpath:artisan.properties"/>
 
 <!-- Step 1: Define Database DataSource / connection pool -->
 
    <!-- <bean id="myDataSource"  class="org.apache.tomcat.dbcp.dbcp2.BasicDataSource"> 
   
        <property name="driverClassName" value="com.mysql.cj.jdbc.Driver"/>
        <property name="url" value="jdbc:mysql://localhost:3306/bdd_spring_hibernate_projet?useSSL=false&amp;serverTimezone=UTC"/>
        <property name="username" value="spring_hibernate_projet"/>
        <property name="password" value="spring_hibernate_projet"/>
    </bean>
-->
<!-- Step 1: Define Database DataSource / connection pool -->
 <bean id="myDataSource" class="com.mchange.v2.c3p0.ComboPooledDataSource"  destroy-method="close">
    
        <property name="driverClass" value="com.mysql.cj.jdbc.Driver" />
        <property name="jdbcUrl" value="jdbc:mysql://localhost:3306/bdd_hibernate_myProject?useSSL=false&amp;serverTimezone=UTC" />
        <property name="user" value="padawan" />
        <property name="password" value="padawan" /> 

        <!-- these are connection pool properties for C3P0 -->
        <property name="minPoolSize" value="3" />
        <property name="maxPoolSize" value="20" />
        <property name="maxIdleTime" value="30000" />
</bean>  

 <!-- Step 2: Setup Hibernate session factory -->
	<bean id="sessionFactory" class="org.springframework.orm.hibernate5.LocalSessionFactoryBean">
		<property name="dataSource"     ref="myDataSource" />
		<property name="packagesToScan" value="com.ecole.entity" />
        <property name="hibernateProperties">
        	<props>
		        <prop  key="hibernate.dialect">org.hibernate.dialect.MySQL8Dialect</prop>
		        <prop  key="hibernate.show_sql">true</prop>	
		        <prop  key="hibernate.hbm2ddl.auto">create-drop</prop>
        	</props>
	    </property>
	     
   	</bean>
 <!-- Step 3: Setup Hibernate transaction manager -->
 
    <bean id="txManager" 
      class="org.springframework.orm.hibernate5.HibernateTransactionManager">
        <property name="sessionFactory" ref="sessionFactory"/>
    </bean>
    
      <!-- Step 4: Enable configuration of transactional behavior based on annotations -->
	  <tx:annotation-driven transaction-manager="txManager" />
</beans>